"Category","Check","Severity","Status","Detail","Timestamp"
"Structure","Sheet count (26)","CRITICAL","PASS","25+ sheets present","18:48:15"
"Structure","Required sheets","CRITICAL","PASS","All 10 core sheets present","18:48:15"
"Structure","VBA components (57)","CRITICAL","PASS","38+ components (29 .bas + 1 .frm + ThisWorkbook + internals)","18:48:16"
"Structure","No duplicate modules","WARNING","PASS","All module names unique","18:48:19"
"Structure","Code volume (9483 lines)","INFO","PASS","9000+ lines of business logic","18:48:21"
"Security","Sheet protection (24/26)","CRITICAL","PASS","Majority sheets protected","18:48:22"
"Security","No hardcoded passwords","CRITICAL","PASS","All passwords use mod_Config.MASTER_PWD","18:48:22"
"Security","Error handling (90%)","WARNING","PASS","26/C:\Users\Administrator\Dropbox\Logistics.Public.Sector.Refactor\Software_Surgical_Edit\VBA_Modules\MAIN_MACROS.bas C:\Users\Administrator\Dropbox\Logistics.Public.Sector.Refactor\Software_Surgical_Edit\VBA_Modules\mod_Analysis.bas C:\Users\Administrator\Dropbox\Logistics.Public.Sector.Refactor\Software_Surgical_Edit\VBA_Modules\mod_ApprovalWorkflow.bas C:\Users\Administrator\Dropbox\Logistics.Public.Sector.Refactor\Software_Surgical_Edit\VBA_Modules\mod_AuditTrail.bas C:\Users\Administrator\Dropbox\Logistics.Public.Sector.Refactor\Software_Surgical_Edit\VBA_Modules\mod_Budget.bas C:\Users\Administrator\Dropbox\Logistics.Public.Sector.Refactor\Software_Surgical_Edit\VBA_Modules\mod_BudgetSetup.bas C:\Users\Administrator\Dropbox\Logistics.Public.Sector.Refactor\Software_Surgical_Edit\VBA_Modules\mod_Config.bas C:\Users\Administrator\Dropbox\Logistics.Public.Sector.Refactor\Software_Surgical_Edit\VBA_Modules\mod_Dashboard.bas C:\Users\Administrator\Dropbox\Logistics.Public.Sector.Refactor\Software_Surgical_Edit\VBA_Modules\mod_Database.bas C:\Users\Administrator\Dropbox\Logistics.Public.Sector.Refactor\Software_Surgical_Edit\VBA_Modules\mod_DemoData.bas C:\Users\Administrator\Dropbox\Logistics.Public.Sector.Refactor\Software_Surgical_Edit\VBA_Modules\mod_ExportEngine.bas C:\Users\Administrator\Dropbox\Logistics.Public.Sector.Refactor\Software_Surgical_Edit\VBA_Modules\mod_Forecasting.bas C:\Users\Administrator\Dropbox\Logistics.Public.Sector.Refactor\Software_Surgical_Edit\VBA_Modules\mod_Localization.bas C:\Users\Administrator\Dropbox\Logistics.Public.Sector.Refactor\Software_Surgical_Edit\VBA_Modules\mod_Navigation.bas C:\Users\Administrator\Dropbox\Logistics.Public.Sector.Refactor\Software_Surgical_Edit\VBA_Modules\mod_Procurement.bas C:\Users\Administrator\Dropbox\Logistics.Public.Sector.Refactor\Software_Surgical_Edit\VBA_Modules\mod_QRCode.bas C:\Users\Administrator\Dropbox\Logistics.Public.Sector.Refactor\Software_Surgical_Edit\VBA_Modules\mod_ReceiptTag.bas C:\Users\Administrator\Dropbox\Logistics.Public.Sector.Refactor\Software_Surgical_Edit\VBA_Modules\mod_Reports.bas C:\Users\Administrator\Dropbox\Logistics.Public.Sector.Refactor\Software_Surgical_Edit\VBA_Modules\mod_SharedEnvironment.bas C:\Users\Administrator\Dropbox\Logistics.Public.Sector.Refactor\Software_Surgical_Edit\VBA_Modules\mod_SheetSetup.bas C:\Users\Administrator\Dropbox\Logistics.Public.Sector.Refactor\Software_Surgical_Edit\VBA_Modules\mod_StockEngine.bas C:\Users\Administrator\Dropbox\Logistics.Public.Sector.Refactor\Software_Surgical_Edit\VBA_Modules\mod_StockEntry_Logic.bas C:\Users\Administrator\Dropbox\Logistics.Public.Sector.Refactor\Software_Surgical_Edit\VBA_Modules\mod_SupplierRegistry.bas C:\Users\Administrator\Dropbox\Logistics.Public.Sector.Refactor\Software_Surgical_Edit\VBA_Modules\mod_SyncBridge.bas C:\Users\Administrator\Dropbox\Logistics.Public.Sector.Refactor\Software_Surgical_Edit\VBA_Modules\mod_ThemingEngine.bas C:\Users\Administrator\Dropbox\Logistics.Public.Sector.Refactor\Software_Surgical_Edit\VBA_Modules\mod_TransactionSafety.bas C:\Users\Administrator\Dropbox\Logistics.Public.Sector.Refactor\Software_Surgical_Edit\VBA_Modules\mod_UI_Setup.bas C:\Users\Administrator\Dropbox\Logistics.Public.Sector.Refactor\Software_Surgical_Edit\VBA_Modules\mod_UIEnhancements.bas C:\Users\Administrator\Dropbox\Logistics.Public.Sector.Refactor\Software_Surgical_Edit\VBA_Modules\mod_Utilities.bas.Count modules have error handling","18:48:23"
"Security","Transaction safety (ACID)","CRITICAL","PASS","Full transaction lifecycle implemented","18:48:23"
"Security","Audit trail logging","CRITICAL","PASS","Audit logging functions present","18:48:23"
"Data","ARTICLES records (15)","CRITICAL","PASS","12+ articles cataloged","18:48:24"
"Data","Blank article codes","WARNING","FAIL","1 articles without codes","18:48:24"
"Data","MOUVEMENTS records (40)","WARNING","PASS","40 transactions recorded","18:48:24"
"Data","Stock column type errors","WARNING","FAIL","8 non-numeric stock values","18:48:24"
"Graph","Orphan modules (14)","WARNING","WARN","Not called by others: mod_ReceiptTag, mod_Dashboard, mod_Reports, mod_Navigation, mod_DemoData, mod_Analysis, mod_SheetSetup, mod_ApprovalWorkflow, mod_Forecasting, mod_UI_Setup, mod_Database, mod_ThemingEngine, mod_UIEnhancements, mod_Budget","18:48:25"
"Graph","No circular dependencies","CRITICAL","PASS","Clean dependency graph","18:48:25"
"Graph","Module coupling","INFO","PASS","Few highly-coupled modules: ","18:48:26"
"Performance","Excel optimization flags","WARNING","PASS","ScreenUpdating, Calculation, EnableEvents disabled during ops","18:48:26"
"Compliance","Config constants (WORKING_DAYS=250)","CRITICAL","PASS","Config constants accessible","18:48:26"
"Compliance","French headers","INFO","PASS","Column headers in French","18:48:26"
